<archive width="1280" height="720">
<brand><orgurl>http://www.readytalk.com</orgurl><helpurl>http://www.readytalk.com/onlinehelp/readytalkhtml/ReadyTalk_Online_Help.htm</helpurl><abouturl>http://www.readytalk.com/onlinehelp/readytalkhtml/ReadyTalk_Online_Help.htm</abouturl><logourl>readytalk/archiveLogo.jpg</logourl></brand>
  <thumb>
    <url>thumb.1253649862833.jpg</url>
    <time>0</time>
  </thumb>
  <thumb>
    <url>thumb.1253649865996.jpg</url>
    <time>3163</time>
  </thumb>
  <thumb>
    <url>thumb.1253650204172.jpg</url>
    <time>341339</time>
  </thumb>
  <thumb>
    <url>thumb.1253650469828.jpg</url>
    <time>606995</time>
  </thumb>
  <thumb>
    <url>thumb.1253650771694.jpg</url>
    <time>908861</time>
  </thumb>
  <thumb>
    <url>thumb.1253651073426.jpg</url>
    <time>1210593</time>
  </thumb>
  <thumb>
    <url>thumb.1253651445724.jpg</url>
    <time>1582891</time>
  </thumb>
  <thumb>
    <url>thumb.1253651695389.jpg</url>
    <time>1832556</time>
  </thumb>
  <thumb>
    <url>thumb.1253651981051.jpg</url>
    <time>2118218</time>
  </thumb>
  <thumb>
    <url>thumb.1253652314744.jpg</url>
    <time>2451911</time>
  </thumb>
  <thumb>
    <url>thumb.1253652599874.jpg</url>
    <time>2737041</time>
  </thumb>
  <thumb>
    <url>thumb.1253652887272.jpg</url>
    <time>3024439</time>
  </thumb>
  <thumb>
    <url>thumb.1253653189619.jpg</url>
    <time>3326786</time>
  </thumb>
  <thumb>
    <url>thumb.1253653521714.jpg</url>
    <time>3658881</time>
  </thumb>
  <thumb>
    <url>thumb.1253653790214.jpg</url>
    <time>3927381</time>
  </thumb>
  <thumb>
    <url>thumb.1253654097208.jpg</url>
    <time>4234375</time>
  </thumb>
  <thumb>
    <url>thumb.1253654407081.jpg</url>
    <time>4544248</time>
  </thumb>
  <swf>
    <url>0.swf</url>
    <frames>14654</frames>
    <bytes>2188664</bytes>
  </swf>
  <swf>
    <url>1.swf</url>
    <frames>3032</frames>
    <bytes>816605</bytes>
  </swf>
  <swf>
    <url>2.swf</url>
    <frames>1456</frames>
    <bytes>646864</bytes>
  </swf>
  <swf>
    <url>3.swf</url>
    <frames>7717</frames>
    <bytes>1410209</bytes>
  </swf>
  <swf>
    <url>4.swf</url>
    <frames>1036</frames>
    <bytes>643710</bytes>
  </swf>
  <swf>
    <url>5.swf</url>
    <frames>8895</frames>
    <bytes>1194994</bytes>
  </swf>
  <swf>
    <url>6.swf</url>
    <frames>3915</frames>
    <bytes>1358425</bytes>
  </swf>
  <swf>
    <url>7.swf</url>
    <frames>5085</frames>
    <bytes>737239</bytes>
  </swf>
  <mp3>
    <url>recording-36azms7118.mp3</url>
  </mp3>
</archive>
