<archive width="1280" height="720" version="2">
<brand><orgurl>http://www.readytalk.com</orgurl><helpurl>http://www.readytalk.com/onlinehelp/readytalkhtml/ReadyTalk_Online_Help.htm</helpurl><abouturl>http://www.readytalk.com/onlinehelp/readytalkhtml/ReadyTalk_Online_Help.htm</abouturl><logourl>readytalk/archiveLogo.jpg</logourl></brand>
  <thumb>
    <url>thumb.1256760272359.png</url>
    <time>0</time>
  </thumb>
  <thumb>
    <url>thumb.1256760287955.png</url>
    <time>15596</time>
  </thumb>
  <thumb>
    <url>thumb.1256760575672.png</url>
    <time>303313</time>
  </thumb>
  <thumb>
    <url>thumb.1256760896628.png</url>
    <time>624269</time>
  </thumb>
  <thumb>
    <url>thumb.1256761181103.png</url>
    <time>908744</time>
  </thumb>
  <thumb>
    <url>thumb.1256761480168.png</url>
    <time>1207809</time>
  </thumb>
  <thumb>
    <url>thumb.1256761787588.png</url>
    <time>1515229</time>
  </thumb>
  <thumb>
    <url>thumb.1256762082300.png</url>
    <time>1809941</time>
  </thumb>
  <thumb>
    <url>thumb.1256762379822.png</url>
    <time>2107463</time>
  </thumb>
  <thumb>
    <url>thumb.1256762681189.png</url>
    <time>2408830</time>
  </thumb>
  <thumb>
    <url>thumb.1256762980619.png</url>
    <time>2708260</time>
  </thumb>
  <thumb>
    <url>thumb.1256763284946.png</url>
    <time>3012587</time>
  </thumb>
  <thumb>
    <url>thumb.1256763580981.png</url>
    <time>3308622</time>
  </thumb>
  <thumb>
    <url>thumb.1256763880942.png</url>
    <time>3608583</time>
  </thumb>
  <thumb>
    <url>thumb.1256764183590.png</url>
    <time>3911231</time>
  </thumb>
  <swf>
    <url>0.swf</url>
    <frames>8681</frames>
    <bytes>868726</bytes>
  </swf>
  <swf>
    <url>1.swf</url>
    <frames>3813</frames>
    <bytes>1079295</bytes>
  </swf>
  <swf>
    <url>2.swf</url>
    <frames>2031</frames>
    <bytes>1388001</bytes>
  </swf>
  <swf>
    <url>3.swf</url>
    <frames>6260</frames>
    <bytes>1665014</bytes>
  </swf>
  <swf>
    <url>4.swf</url>
    <frames>2034</frames>
    <bytes>1435854</bytes>
  </swf>
  <swf>
    <url>5.swf</url>
    <frames>1818</frames>
    <bytes>1607528</bytes>
  </swf>
  <swf>
    <url>6.swf</url>
    <frames>2659</frames>
    <bytes>1460639</bytes>
  </swf>
  <swf>
    <url>7.swf</url>
    <frames>2426</frames>
    <bytes>1001646</bytes>
  </swf>
  <swf>
    <url>8.swf</url>
    <frames>1320</frames>
    <bytes>1504316</bytes>
  </swf>
  <swf>
    <url>9.swf</url>
    <frames>1668</frames>
    <bytes>1742549</bytes>
  </swf>
  <swf>
    <url>10.swf</url>
    <frames>2011</frames>
    <bytes>1282927</bytes>
  </swf>
  <swf>
    <url>11.swf</url>
    <frames>1274</frames>
    <bytes>980636</bytes>
  </swf>
  <swf>
    <url>12.swf</url>
    <frames>3305</frames>
    <bytes>1154232</bytes>
  </swf>
  <swf>
    <url>13.swf</url>
    <frames>1140</frames>
    <bytes>479662</bytes>
  </swf>
  <mp3>
    <url>recording-4o2z2240588.mp3</url>
  </mp3>
</archive>
