<archive width="1280" height="720" version="2">
<brand><orgurl>http://www.readytalk.com</orgurl><helpurl>http://www.readytalk.com/onlinehelp/readytalkhtml/ReadyTalk_Online_Help.htm</helpurl><abouturl>http://www.readytalk.com/onlinehelp/readytalkhtml/ReadyTalk_Online_Help.htm</abouturl><logourl>readytalk/archiveLogo.jpg</logourl></brand>
  <thumb>
    <url>thumb.1258405434065.png</url>
    <time>0</time>
  </thumb>
  <thumb>
    <url>thumb.1258405438560.png</url>
    <time>4495</time>
  </thumb>
  <thumb>
    <url>thumb.1258405739047.png</url>
    <time>304982</time>
  </thumb>
  <thumb>
    <url>thumb.1258406039288.png</url>
    <time>605223</time>
  </thumb>
  <thumb>
    <url>thumb.1258406339441.png</url>
    <time>905376</time>
  </thumb>
  <thumb>
    <url>thumb.1258406641519.png</url>
    <time>1207454</time>
  </thumb>
  <thumb>
    <url>thumb.1258406979881.png</url>
    <time>1545816</time>
  </thumb>
  <thumb>
    <url>thumb.1258407242052.png</url>
    <time>1807987</time>
  </thumb>
  <thumb>
    <url>thumb.1258407545749.png</url>
    <time>2111684</time>
  </thumb>
  <thumb>
    <url>thumb.1258407842340.png</url>
    <time>2408275</time>
  </thumb>
  <thumb>
    <url>thumb.1258408142394.png</url>
    <time>2708329</time>
  </thumb>
  <thumb>
    <url>thumb.1258408443562.png</url>
    <time>3009497</time>
  </thumb>
  <thumb>
    <url>thumb.1258408742856.png</url>
    <time>3308791</time>
  </thumb>
  <thumb>
    <url>thumb.1258409042832.png</url>
    <time>3608767</time>
  </thumb>
  <thumb>
    <url>thumb.1258409378447.png</url>
    <time>3944382</time>
  </thumb>
  <swf>
    <url>0.swf</url>
    <frames>5974</frames>
    <bytes>1513110</bytes>
  </swf>
  <swf>
    <url>1.swf</url>
    <frames>2255</frames>
    <bytes>1506999</bytes>
  </swf>
  <swf>
    <url>2.swf</url>
    <frames>4043</frames>
    <bytes>1447591</bytes>
  </swf>
  <swf>
    <url>3.swf</url>
    <frames>10610</frames>
    <bytes>3039486</bytes>
  </swf>
  <swf>
    <url>4.swf</url>
    <frames>1021</frames>
    <bytes>1377464</bytes>
  </swf>
  <swf>
    <url>5.swf</url>
    <frames>1274</frames>
    <bytes>1596940</bytes>
  </swf>
  <swf>
    <url>6.swf</url>
    <frames>1622</frames>
    <bytes>1385894</bytes>
  </swf>
  <swf>
    <url>7.swf</url>
    <frames>2822</frames>
    <bytes>1544683</bytes>
  </swf>
  <swf>
    <url>8.swf</url>
    <frames>1406</frames>
    <bytes>859692</bytes>
  </swf>
  <swf>
    <url>9.swf</url>
    <frames>1338</frames>
    <bytes>1819976</bytes>
  </swf>
  <swf>
    <url>10.swf</url>
    <frames>870</frames>
    <bytes>977895</bytes>
  </swf>
  <swf>
    <url>11.swf</url>
    <frames>1241</frames>
    <bytes>1224231</bytes>
  </swf>
  <swf>
    <url>12.swf</url>
    <frames>2536</frames>
    <bytes>1818231</bytes>
  </swf>
  <swf>
    <url>13.swf</url>
    <frames>2488</frames>
    <bytes>433356</bytes>
  </swf>
  <mp3>
    <url>recording-36rngq2737.mp3</url>
  </mp3>
</archive>
