<archive width="1280" height="720" version="2">
<brand><orgurl>http://www.readytalk.com</orgurl><helpurl>http://www.readytalk.com/onlinehelp/readytalkhtml/ReadyTalk_Online_Help.htm</helpurl><abouturl>http://www.readytalk.com/onlinehelp/readytalkhtml/ReadyTalk_Online_Help.htm</abouturl><logourl>readytalk/archiveLogo.jpg</logourl></brand>
  <thumb>
    <url>thumb.1256932988415.png</url>
    <time>0</time>
  </thumb>
  <thumb>
    <url>thumb.1256932993711.png</url>
    <time>5296</time>
  </thumb>
  <thumb>
    <url>thumb.1256933299289.png</url>
    <time>310874</time>
  </thumb>
  <thumb>
    <url>thumb.1256933591452.png</url>
    <time>603037</time>
  </thumb>
  <thumb>
    <url>thumb.1256933891622.png</url>
    <time>903207</time>
  </thumb>
  <thumb>
    <url>thumb.1256934191757.png</url>
    <time>1203342</time>
  </thumb>
  <thumb>
    <url>thumb.1256934492085.png</url>
    <time>1503670</time>
  </thumb>
  <thumb>
    <url>thumb.1256934791885.png</url>
    <time>1803470</time>
  </thumb>
  <thumb>
    <url>thumb.1256935092251.png</url>
    <time>2103836</time>
  </thumb>
  <thumb>
    <url>thumb.1256935431479.png</url>
    <time>2443064</time>
  </thumb>
  <thumb>
    <url>thumb.1256935707653.png</url>
    <time>2719238</time>
  </thumb>
  <thumb>
    <url>thumb.1256935992957.png</url>
    <time>3004542</time>
  </thumb>
  <thumb>
    <url>thumb.1256936293985.png</url>
    <time>3305570</time>
  </thumb>
  <thumb>
    <url>thumb.1256936596459.png</url>
    <time>3608044</time>
  </thumb>
  <thumb>
    <url>thumb.1256936833100.png</url>
    <time>3844685</time>
  </thumb>
  <swf>
    <url>0.swf</url>
    <frames>5320</frames>
    <bytes>1009257</bytes>
  </swf>
  <swf>
    <url>1.swf</url>
    <frames>1989</frames>
    <bytes>987145</bytes>
  </swf>
  <swf>
    <url>2.swf</url>
    <frames>1772</frames>
    <bytes>995767</bytes>
  </swf>
  <swf>
    <url>3.swf</url>
    <frames>1160</frames>
    <bytes>1227923</bytes>
  </swf>
  <swf>
    <url>4.swf</url>
    <frames>1302</frames>
    <bytes>983511</bytes>
  </swf>
  <swf>
    <url>5.swf</url>
    <frames>560</frames>
    <bytes>753949</bytes>
  </swf>
  <swf>
    <url>6.swf</url>
    <frames>2544</frames>
    <bytes>902696</bytes>
  </swf>
  <swf>
    <url>7.swf</url>
    <frames>4310</frames>
    <bytes>1140880</bytes>
  </swf>
  <swf>
    <url>8.swf</url>
    <frames>3365</frames>
    <bytes>842011</bytes>
  </swf>
  <swf>
    <url>9.swf</url>
    <frames>2195</frames>
    <bytes>1448393</bytes>
  </swf>
  <swf>
    <url>10.swf</url>
    <frames>1522</frames>
    <bytes>1815014</bytes>
  </swf>
  <swf>
    <url>11.swf</url>
    <frames>2975</frames>
    <bytes>1847243</bytes>
  </swf>
  <swf>
    <url>12.swf</url>
    <frames>1444</frames>
    <bytes>1122926</bytes>
  </swf>
  <swf>
    <url>13.swf</url>
    <frames>2601</frames>
    <bytes>864441</bytes>
  </swf>
  <swf>
    <url>14.swf</url>
    <frames>870</frames>
    <bytes>1092210</bytes>
  </swf>
  <swf>
    <url>15.swf</url>
    <frames>2195</frames>
    <bytes>1411629</bytes>
  </swf>
  <swf>
    <url>16.swf</url>
    <frames>1186</frames>
    <bytes>1332308</bytes>
  </swf>
  <swf>
    <url>17.swf</url>
    <frames>1160</frames>
    <bytes>330398</bytes>
  </swf>
  <mp3>
    <url>recording-aai9b740768.mp3</url>
  </mp3>
</archive>
