<archive width="1280" height="720">
<brand><orgurl>http://www.readytalk.com</orgurl><helpurl>http://www.readytalk.com/onlinehelp/readytalkhtml/ReadyTalk_Online_Help.htm</helpurl><abouturl>http://www.readytalk.com/onlinehelp/readytalkhtml/ReadyTalk_Online_Help.htm</abouturl><logourl>readytalk/archiveLogo.jpg</logourl></brand>
  <thumb>
    <url>thumb.1253911964930.jpg</url>
    <time>0</time>
  </thumb>
  <thumb>
    <url>thumb.1253911967178.jpg</url>
    <time>2248</time>
  </thumb>
  <thumb>
    <url>thumb.1253912267165.jpg</url>
    <time>302235</time>
  </thumb>
  <thumb>
    <url>thumb.1253912567994.jpg</url>
    <time>603064</time>
  </thumb>
  <thumb>
    <url>thumb.1253912901555.jpg</url>
    <time>936625</time>
  </thumb>
  <thumb>
    <url>thumb.1253913168212.jpg</url>
    <time>1203282</time>
  </thumb>
  <thumb>
    <url>thumb.1253913546934.jpg</url>
    <time>1582004</time>
  </thumb>
  <thumb>
    <url>thumb.1253913703530.jpg</url>
    <time>1738600</time>
  </thumb>
  <swf>
    <url>0.swf</url>
    <frames>3212</frames>
    <bytes>766473</bytes>
  </swf>
  <swf>
    <url>1.swf</url>
    <frames>2323</frames>
    <bytes>1125319</bytes>
  </swf>
  <swf>
    <url>2.swf</url>
    <frames>978</frames>
    <bytes>769170</bytes>
  </swf>
  <swf>
    <url>3.swf</url>
    <frames>2122</frames>
    <bytes>806196</bytes>
  </swf>
  <swf>
    <url>4.swf</url>
    <frames>5329</frames>
    <bytes>1102168</bytes>
  </swf>
  <swf>
    <url>5.swf</url>
    <frames>3486</frames>
    <bytes>224278</bytes>
  </swf>
  <mp3>
    <url>recording-c8l8qk7425.mp3</url>
  </mp3>
</archive>
