<archive width="1280" height="720" version="2">
<brand><orgurl>http://www.readytalk.com</orgurl><helpurl>http://www.readytalk.com/onlinehelp/readytalkhtml/ReadyTalk_Online_Help.htm</helpurl><abouturl>http://www.readytalk.com/onlinehelp/readytalkhtml/ReadyTalk_Online_Help.htm</abouturl><logourl>readytalk/archiveLogo.jpg</logourl></brand>
  <thumb>
    <url>thumb.1258146291398.png</url>
    <time>0</time>
  </thumb>
  <thumb>
    <url>thumb.1258146300895.png</url>
    <time>9497</time>
  </thumb>
  <thumb>
    <url>thumb.1258146594944.png</url>
    <time>303546</time>
  </thumb>
  <thumb>
    <url>thumb.1258146976714.png</url>
    <time>685316</time>
  </thumb>
  <thumb>
    <url>thumb.1258147197017.png</url>
    <time>905619</time>
  </thumb>
  <thumb>
    <url>thumb.1258147497089.png</url>
    <time>1205691</time>
  </thumb>
  <thumb>
    <url>thumb.1258147797725.png</url>
    <time>1506327</time>
  </thumb>
  <thumb>
    <url>thumb.1258148097265.png</url>
    <time>1805867</time>
  </thumb>
  <thumb>
    <url>thumb.1258148402471.png</url>
    <time>2111073</time>
  </thumb>
  <thumb>
    <url>thumb.1258148698544.png</url>
    <time>2407146</time>
  </thumb>
  <thumb>
    <url>thumb.1258148998665.png</url>
    <time>2707267</time>
  </thumb>
  <thumb>
    <url>thumb.1258149298716.png</url>
    <time>3007318</time>
  </thumb>
  <thumb>
    <url>thumb.1258149598853.png</url>
    <time>3307455</time>
  </thumb>
  <thumb>
    <url>thumb.1258149898920.png</url>
    <time>3607522</time>
  </thumb>
  <thumb>
    <url>thumb.1258150227471.png</url>
    <time>3936073</time>
  </thumb>
  <thumb>
    <url>thumb.1258150278160.png</url>
    <time>3986762</time>
  </thumb>
  <swf>
    <url>0.swf</url>
    <frames>12371</frames>
    <bytes>1787614</bytes>
  </swf>
  <swf>
    <url>1.swf</url>
    <frames>2587</frames>
    <bytes>1135368</bytes>
  </swf>
  <swf>
    <url>2.swf</url>
    <frames>1445</frames>
    <bytes>1204795</bytes>
  </swf>
  <swf>
    <url>3.swf</url>
    <frames>2210</frames>
    <bytes>885414</bytes>
  </swf>
  <swf>
    <url>4.swf</url>
    <frames>9857</frames>
    <bytes>2213561</bytes>
  </swf>
  <swf>
    <url>5.swf</url>
    <frames>987</frames>
    <bytes>1140078</bytes>
  </swf>
  <swf>
    <url>6.swf</url>
    <frames>1566</frames>
    <bytes>1581933</bytes>
  </swf>
  <swf>
    <url>7.swf</url>
    <frames>1088</frames>
    <bytes>1095465</bytes>
  </swf>
  <swf>
    <url>8.swf</url>
    <frames>1255</frames>
    <bytes>921332</bytes>
  </swf>
  <swf>
    <url>9.swf</url>
    <frames>3294</frames>
    <bytes>1887552</bytes>
  </swf>
  <swf>
    <url>10.swf</url>
    <frames>2070</frames>
    <bytes>1565422</bytes>
  </swf>
  <swf>
    <url>11.swf</url>
    <frames>1150</frames>
    <bytes>326232</bytes>
  </swf>
  <mp3>
    <url>recording-b7b6p129292.mp3</url>
  </mp3>
</archive>
