<archive width="1280" height="720" version="2">
<brand><orgurl>http://www.readytalk.com</orgurl><helpurl>http://www.readytalk.com/onlinehelp/readytalkhtml/ReadyTalk_Online_Help.htm</helpurl><abouturl>http://www.readytalk.com/onlinehelp/readytalkhtml/ReadyTalk_Online_Help.htm</abouturl><logourl>readytalk/archiveLogo.jpg</logourl></brand>
  <thumb>
    <url>thumb.1257879773146.png</url>
    <time>0</time>
  </thumb>
  <thumb>
    <url>thumb.1257879777051.png</url>
    <time>3905</time>
  </thumb>
  <thumb>
    <url>thumb.1257880077721.png</url>
    <time>304575</time>
  </thumb>
  <thumb>
    <url>thumb.1257880376442.png</url>
    <time>603296</time>
  </thumb>
  <thumb>
    <url>thumb.1257880713590.png</url>
    <time>940444</time>
  </thumb>
  <thumb>
    <url>thumb.1257880985026.png</url>
    <time>1211880</time>
  </thumb>
  <thumb>
    <url>thumb.1257881282405.png</url>
    <time>1509259</time>
  </thumb>
  <thumb>
    <url>thumb.1257881582698.png</url>
    <time>1809552</time>
  </thumb>
  <thumb>
    <url>thumb.1257881882568.png</url>
    <time>2109422</time>
  </thumb>
  <thumb>
    <url>thumb.1257882182541.png</url>
    <time>2409395</time>
  </thumb>
  <thumb>
    <url>thumb.1257882482816.png</url>
    <time>2709670</time>
  </thumb>
  <thumb>
    <url>thumb.1257882782872.png</url>
    <time>3009726</time>
  </thumb>
  <thumb>
    <url>thumb.1257883083618.png</url>
    <time>3310472</time>
  </thumb>
  <thumb>
    <url>thumb.1257883412656.png</url>
    <time>3639510</time>
  </thumb>
  <swf>
    <url>0.swf</url>
    <frames>10194</frames>
    <bytes>2119692</bytes>
  </swf>
  <swf>
    <url>1.swf</url>
    <frames>2333</frames>
    <bytes>1010619</bytes>
  </swf>
  <swf>
    <url>2.swf</url>
    <frames>3234</frames>
    <bytes>915967</bytes>
  </swf>
  <swf>
    <url>3.swf</url>
    <frames>2358</frames>
    <bytes>978219</bytes>
  </swf>
  <swf>
    <url>4.swf</url>
    <frames>3033</frames>
    <bytes>1278571</bytes>
  </swf>
  <swf>
    <url>5.swf</url>
    <frames>1901</frames>
    <bytes>1299026</bytes>
  </swf>
  <swf>
    <url>6.swf</url>
    <frames>1642</frames>
    <bytes>1051632</bytes>
  </swf>
  <swf>
    <url>7.swf</url>
    <frames>2735</frames>
    <bytes>1242435</bytes>
  </swf>
  <swf>
    <url>8.swf</url>
    <frames>2036</frames>
    <bytes>839942</bytes>
  </swf>
  <swf>
    <url>9.swf</url>
    <frames>2594</frames>
    <bytes>1423847</bytes>
  </swf>
  <swf>
    <url>10.swf</url>
    <frames>1709</frames>
    <bytes>994781</bytes>
  </swf>
  <swf>
    <url>11.swf</url>
    <frames>1682</frames>
    <bytes>792948</bytes>
  </swf>
  <swf>
    <url>12.swf</url>
    <frames>1962</frames>
    <bytes>1267645</bytes>
  </swf>
  <swf>
    <url>13.swf</url>
    <frames>747</frames>
    <bytes>312726</bytes>
  </swf>
  <mp3>
    <url>recording-dg1l9v2332.mp3</url>
  </mp3>
</archive>
