<archive width="1280" height="720">
<brand><orgurl>http://www.readytalk.com</orgurl><helpurl>http://www.readytalk.com/onlinehelp/readytalkhtml/ReadyTalk_Online_Help.htm</helpurl><abouturl>http://www.readytalk.com/onlinehelp/readytalkhtml/ReadyTalk_Online_Help.htm</abouturl><logourl>readytalk/archiveLogo.jpg</logourl></brand>
  <thumb>
    <url>thumb.1254245787632.jpg</url>
    <time>0</time>
  </thumb>
  <thumb>
    <url>thumb.1254245793735.jpg</url>
    <time>6103</time>
  </thumb>
  <thumb>
    <url>thumb.1254246091454.jpg</url>
    <time>303822</time>
  </thumb>
  <thumb>
    <url>thumb.1254246391812.jpg</url>
    <time>604180</time>
  </thumb>
  <thumb>
    <url>thumb.1254246693043.jpg</url>
    <time>905411</time>
  </thumb>
  <thumb>
    <url>thumb.1254246993056.jpg</url>
    <time>1205424</time>
  </thumb>
  <thumb>
    <url>thumb.1254247309707.jpg</url>
    <time>1522075</time>
  </thumb>
  <thumb>
    <url>thumb.1254247593327.jpg</url>
    <time>1805695</time>
  </thumb>
  <thumb>
    <url>thumb.1254247893714.jpg</url>
    <time>2106082</time>
  </thumb>
  <thumb>
    <url>thumb.1254248193507.jpg</url>
    <time>2405875</time>
  </thumb>
  <thumb>
    <url>thumb.1254248501779.jpg</url>
    <time>2714147</time>
  </thumb>
  <thumb>
    <url>thumb.1254248795599.jpg</url>
    <time>3007967</time>
  </thumb>
  <thumb>
    <url>thumb.1254249095519.jpg</url>
    <time>3307887</time>
  </thumb>
  <thumb>
    <url>thumb.1254249396682.jpg</url>
    <time>3609050</time>
  </thumb>
  <thumb>
    <url>thumb.1254249696664.jpg</url>
    <time>3909032</time>
  </thumb>
  <thumb>
    <url>thumb.1254249996672.jpg</url>
    <time>4209040</time>
  </thumb>
  <thumb>
    <url>thumb.1254249999659.jpg</url>
    <time>4212027</time>
  </thumb>
  <swf>
    <url>0.swf</url>
    <frames>15000</frames>
    <bytes>1923096</bytes>
  </swf>
  <swf>
    <url>1.swf</url>
    <frames>4226</frames>
    <bytes>922374</bytes>
  </swf>
  <swf>
    <url>2.swf</url>
    <frames>1635</frames>
    <bytes>1279243</bytes>
  </swf>
  <swf>
    <url>3.swf</url>
    <frames>1363</frames>
    <bytes>1073672</bytes>
  </swf>
  <swf>
    <url>4.swf</url>
    <frames>1911</frames>
    <bytes>1183964</bytes>
  </swf>
  <swf>
    <url>5.swf</url>
    <frames>2193</frames>
    <bytes>1184059</bytes>
  </swf>
  <swf>
    <url>6.swf</url>
    <frames>2547</frames>
    <bytes>891652</bytes>
  </swf>
  <swf>
    <url>7.swf</url>
    <frames>847</frames>
    <bytes>1500171</bytes>
  </swf>
  <swf>
    <url>8.swf</url>
    <frames>672</frames>
    <bytes>2307210</bytes>
  </swf>
  <swf>
    <url>9.swf</url>
    <frames>720</frames>
    <bytes>2062627</bytes>
  </swf>
  <swf>
    <url>10.swf</url>
    <frames>1440</frames>
    <bytes>2353133</bytes>
  </swf>
  <swf>
    <url>11.swf</url>
    <frames>2229</frames>
    <bytes>2398014</bytes>
  </swf>
  <swf>
    <url>12.swf</url>
    <frames>1819</frames>
    <bytes>1244380</bytes>
  </swf>
  <swf>
    <url>13.swf</url>
    <frames>2457</frames>
    <bytes>1175743</bytes>
  </swf>
  <swf>
    <url>14.swf</url>
    <frames>2072</frames>
    <bytes>1221269</bytes>
  </swf>
  <swf>
    <url>15.swf</url>
    <frames>1029</frames>
    <bytes>260358</bytes>
  </swf>
  <mp3>
    <url>recording-f2nwur7556.mp3</url>
  </mp3>
</archive>
