<archive width="1280" height="720" version="2">
<brand><orgurl>http://www.readytalk.com</orgurl><helpurl>http://www.readytalk.com/onlinehelp/readytalkhtml/ReadyTalk_Online_Help.htm</helpurl><abouturl>http://www.readytalk.com/onlinehelp/readytalkhtml/ReadyTalk_Online_Help.htm</abouturl><logourl>readytalk/archiveLogo.jpg</logourl></brand>
  <thumb>
    <url>thumb.1255739935434.png</url>
    <time>0</time>
  </thumb>
  <thumb>
    <url>thumb.1255739971127.png</url>
    <time>35693</time>
  </thumb>
  <thumb>
    <url>thumb.1255740335183.png</url>
    <time>399749</time>
  </thumb>
  <thumb>
    <url>thumb.1255740539075.png</url>
    <time>603641</time>
  </thumb>
  <thumb>
    <url>thumb.1255740855118.png</url>
    <time>919684</time>
  </thumb>
  <thumb>
    <url>thumb.1255741140021.png</url>
    <time>1204587</time>
  </thumb>
  <thumb>
    <url>thumb.1255741440222.png</url>
    <time>1504788</time>
  </thumb>
  <thumb>
    <url>thumb.1255741740718.png</url>
    <time>1805284</time>
  </thumb>
  <thumb>
    <url>thumb.1255742040842.png</url>
    <time>2105408</time>
  </thumb>
  <thumb>
    <url>thumb.1255742341062.png</url>
    <time>2405628</time>
  </thumb>
  <thumb>
    <url>thumb.1255742648914.png</url>
    <time>2713480</time>
  </thumb>
  <thumb>
    <url>thumb.1255742946684.png</url>
    <time>3011250</time>
  </thumb>
  <thumb>
    <url>thumb.1255743246950.png</url>
    <time>3311516</time>
  </thumb>
  <thumb>
    <url>thumb.1255743569831.png</url>
    <time>3634397</time>
  </thumb>
  <thumb>
    <url>thumb.1255743848027.png</url>
    <time>3912593</time>
  </thumb>
  <thumb>
    <url>thumb.1255743895181.png</url>
    <time>3959747</time>
  </thumb>
  <swf>
    <url>0.swf</url>
    <frames>11434</frames>
    <bytes>1328631</bytes>
  </swf>
  <swf>
    <url>1.swf</url>
    <frames>2649</frames>
    <bytes>1002177</bytes>
  </swf>
  <swf>
    <url>2.swf</url>
    <frames>1722</frames>
    <bytes>1321845</bytes>
  </swf>
  <swf>
    <url>3.swf</url>
    <frames>3073</frames>
    <bytes>1122187</bytes>
  </swf>
  <swf>
    <url>4.swf</url>
    <frames>4980</frames>
    <bytes>1007203</bytes>
  </swf>
  <swf>
    <url>5.swf</url>
    <frames>6334</frames>
    <bytes>2627049</bytes>
  </swf>
  <swf>
    <url>6.swf</url>
    <frames>4078</frames>
    <bytes>1037756</bytes>
  </swf>
  <swf>
    <url>7.swf</url>
    <frames>1451</frames>
    <bytes>1006081</bytes>
  </swf>
  <swf>
    <url>8.swf</url>
    <frames>3044</frames>
    <bytes>848901</bytes>
  </swf>
  <swf>
    <url>9.swf</url>
    <frames>895</frames>
    <bytes>375192</bytes>
  </swf>
  <mp3>
    <url>recording-c9l6wc27236.mp3</url>
  </mp3>
</archive>
