<archive width="1280" height="720">
<brand><orgurl>http://www.readytalk.com</orgurl><helpurl>http://www.readytalk.com/onlinehelp/readytalkhtml/ReadyTalk_Online_Help.htm</helpurl><abouturl>http://www.readytalk.com/onlinehelp/readytalkhtml/ReadyTalk_Online_Help.htm</abouturl><logourl>readytalk/archiveLogo.jpg</logourl></brand>
  <thumb>
    <url>thumb.1254254591532.jpg</url>
    <time>0</time>
  </thumb>
  <thumb>
    <url>thumb.1254254595267.jpg</url>
    <time>3735</time>
  </thumb>
  <thumb>
    <url>thumb.1254254894319.jpg</url>
    <time>302787</time>
  </thumb>
  <thumb>
    <url>thumb.1254255194862.jpg</url>
    <time>603330</time>
  </thumb>
  <thumb>
    <url>thumb.1254255495403.jpg</url>
    <time>903871</time>
  </thumb>
  <thumb>
    <url>thumb.1254255798136.jpg</url>
    <time>1206604</time>
  </thumb>
  <thumb>
    <url>thumb.1254256116007.jpg</url>
    <time>1524475</time>
  </thumb>
  <thumb>
    <url>thumb.1254256396495.jpg</url>
    <time>1804963</time>
  </thumb>
  <thumb>
    <url>thumb.1254256696698.jpg</url>
    <time>2105166</time>
  </thumb>
  <thumb>
    <url>thumb.1254256996692.jpg</url>
    <time>2405160</time>
  </thumb>
  <thumb>
    <url>thumb.1254257296816.jpg</url>
    <time>2705284</time>
  </thumb>
  <thumb>
    <url>thumb.1254257606347.jpg</url>
    <time>3014815</time>
  </thumb>
  <thumb>
    <url>thumb.1254257896919.jpg</url>
    <time>3305387</time>
  </thumb>
  <thumb>
    <url>thumb.1254258197195.jpg</url>
    <time>3605663</time>
  </thumb>
  <thumb>
    <url>thumb.1254258571530.jpg</url>
    <time>3979998</time>
  </thumb>
  <thumb>
    <url>thumb.1254258583643.jpg</url>
    <time>3992111</time>
  </thumb>
  <swf>
    <url>0.swf</url>
    <frames>4171</frames>
    <bytes>815087</bytes>
  </swf>
  <swf>
    <url>1.swf</url>
    <frames>3081</frames>
    <bytes>1158698</bytes>
  </swf>
  <swf>
    <url>2.swf</url>
    <frames>2859</frames>
    <bytes>1127130</bytes>
  </swf>
  <swf>
    <url>3.swf</url>
    <frames>2610</frames>
    <bytes>1201604</bytes>
  </swf>
  <swf>
    <url>4.swf</url>
    <frames>1301</frames>
    <bytes>1021628</bytes>
  </swf>
  <swf>
    <url>5.swf</url>
    <frames>1930</frames>
    <bytes>1135868</bytes>
  </swf>
  <swf>
    <url>6.swf</url>
    <frames>1259</frames>
    <bytes>1243642</bytes>
  </swf>
  <swf>
    <url>7.swf</url>
    <frames>2418</frames>
    <bytes>1035069</bytes>
  </swf>
  <swf>
    <url>8.swf</url>
    <frames>1593</frames>
    <bytes>934549</bytes>
  </swf>
  <swf>
    <url>9.swf</url>
    <frames>1734</frames>
    <bytes>975581</bytes>
  </swf>
  <swf>
    <url>10.swf</url>
    <frames>1492</frames>
    <bytes>1168427</bytes>
  </swf>
  <swf>
    <url>11.swf</url>
    <frames>977</frames>
    <bytes>942278</bytes>
  </swf>
  <swf>
    <url>12.swf</url>
    <frames>1234</frames>
    <bytes>1005443</bytes>
  </swf>
  <swf>
    <url>13.swf</url>
    <frames>1406</frames>
    <bytes>1092047</bytes>
  </swf>
  <swf>
    <url>14.swf</url>
    <frames>1501</frames>
    <bytes>1090784</bytes>
  </swf>
  <swf>
    <url>15.swf</url>
    <frames>2697</frames>
    <bytes>1155569</bytes>
  </swf>
  <swf>
    <url>16.swf</url>
    <frames>1384</frames>
    <bytes>1808437</bytes>
  </swf>
  <swf>
    <url>17.swf</url>
    <frames>3386</frames>
    <bytes>1591966</bytes>
  </swf>
  <swf>
    <url>18.swf</url>
    <frames>2907</frames>
    <bytes>684361</bytes>
  </swf>
  <mp3>
    <url>recording-dhlqyc56102.mp3</url>
  </mp3>
</archive>
