<archive width="1280" height="720" version="2">
<brand><orgurl>http://www.readytalk.com</orgurl><helpurl>http://www.readytalk.com/onlinehelp/readytalkhtml/ReadyTalk_Online_Help.htm</helpurl><abouturl>http://www.readytalk.com/onlinehelp/readytalkhtml/ReadyTalk_Online_Help.htm</abouturl><logourl>readytalk/archiveLogo.jpg</logourl></brand>
  <thumb>
    <url>thumb.1257188698815.png</url>
    <time>0</time>
  </thumb>
  <thumb>
    <url>thumb.1257188712214.png</url>
    <time>13399</time>
  </thumb>
  <thumb>
    <url>thumb.1257189004194.png</url>
    <time>305379</time>
  </thumb>
  <thumb>
    <url>thumb.1257189341831.png</url>
    <time>643016</time>
  </thumb>
  <thumb>
    <url>thumb.1257189607832.png</url>
    <time>909017</time>
  </thumb>
  <thumb>
    <url>thumb.1257189913156.png</url>
    <time>1214341</time>
  </thumb>
  <thumb>
    <url>thumb.1257190212888.png</url>
    <time>1514073</time>
  </thumb>
  <thumb>
    <url>thumb.1257190515624.png</url>
    <time>1816809</time>
  </thumb>
  <thumb>
    <url>thumb.1257190813482.png</url>
    <time>2114667</time>
  </thumb>
  <thumb>
    <url>thumb.1257191120966.png</url>
    <time>2422151</time>
  </thumb>
  <thumb>
    <url>thumb.1257191418703.png</url>
    <time>2719888</time>
  </thumb>
  <thumb>
    <url>thumb.1257191718477.png</url>
    <time>3019662</time>
  </thumb>
  <thumb>
    <url>thumb.1257192018842.png</url>
    <time>3320027</time>
  </thumb>
  <thumb>
    <url>thumb.1257192392210.png</url>
    <time>3693395</time>
  </thumb>
  <thumb>
    <url>thumb.1257192833219.png</url>
    <time>4134404</time>
  </thumb>
  <thumb>
    <url>thumb.1257192955870.png</url>
    <time>4257055</time>
  </thumb>
  <thumb>
    <url>thumb.1257193227431.png</url>
    <time>4528616</time>
  </thumb>
  <thumb>
    <url>thumb.1257193544177.png</url>
    <time>4845362</time>
  </thumb>
  <swf>
    <url>0.swf</url>
    <frames>13945</frames>
    <bytes>1425241</bytes>
  </swf>
  <swf>
    <url>1.swf</url>
    <frames>1910</frames>
    <bytes>969995</bytes>
  </swf>
  <swf>
    <url>2.swf</url>
    <frames>3032</frames>
    <bytes>979209</bytes>
  </swf>
  <swf>
    <url>3.swf</url>
    <frames>3255</frames>
    <bytes>802834</bytes>
  </swf>
  <swf>
    <url>4.swf</url>
    <frames>5189</frames>
    <bytes>963678</bytes>
  </swf>
  <swf>
    <url>5.swf</url>
    <frames>4033</frames>
    <bytes>1534363</bytes>
  </swf>
  <swf>
    <url>6.swf</url>
    <frames>3409</frames>
    <bytes>693488</bytes>
  </swf>
  <swf>
    <url>7.swf</url>
    <frames>9989</frames>
    <bytes>2095495</bytes>
  </swf>
  <swf>
    <url>8.swf</url>
    <frames>3728</frames>
    <bytes>713877</bytes>
  </swf>
  <mp3>
    <url>recording-g7jvsu28096.mp3</url>
  </mp3>
</archive>
