<archive width="1280" height="720">
<brand><orgurl>http://www.readytalk.com</orgurl><helpurl>http://www.readytalk.com/onlinehelp/readytalkhtml/ReadyTalk_Online_Help.htm</helpurl><abouturl>http://www.readytalk.com/onlinehelp/readytalkhtml/ReadyTalk_Online_Help.htm</abouturl><logourl>readytalk/archiveLogo.jpg</logourl></brand>
  <thumb>
    <url>thumb.1253822544220.jpg</url>
    <time>0</time>
  </thumb>
  <thumb>
    <url>thumb.1253822561391.jpg</url>
    <time>17171</time>
  </thumb>
  <thumb>
    <url>thumb.1253822866969.jpg</url>
    <time>322749</time>
  </thumb>
  <thumb>
    <url>thumb.1253823148473.jpg</url>
    <time>604253</time>
  </thumb>
  <thumb>
    <url>thumb.1253823448558.jpg</url>
    <time>904338</time>
  </thumb>
  <thumb>
    <url>thumb.1253823764968.jpg</url>
    <time>1220748</time>
  </thumb>
  <thumb>
    <url>thumb.1253824058306.jpg</url>
    <time>1514086</time>
  </thumb>
  <thumb>
    <url>thumb.1253824361484.jpg</url>
    <time>1817264</time>
  </thumb>
  <thumb>
    <url>thumb.1253824674382.jpg</url>
    <time>2130162</time>
  </thumb>
  <thumb>
    <url>thumb.1253824953272.jpg</url>
    <time>2409052</time>
  </thumb>
  <thumb>
    <url>thumb.1253825292586.jpg</url>
    <time>2748366</time>
  </thumb>
  <thumb>
    <url>thumb.1253825558333.jpg</url>
    <time>3014113</time>
  </thumb>
  <thumb>
    <url>thumb.1253825853073.jpg</url>
    <time>3308853</time>
  </thumb>
  <thumb>
    <url>thumb.1253826157087.jpg</url>
    <time>3612867</time>
  </thumb>
  <thumb>
    <url>thumb.1253826456461.jpg</url>
    <time>3912241</time>
  </thumb>
  <thumb>
    <url>thumb.1253826756679.jpg</url>
    <time>4212459</time>
  </thumb>
  <thumb>
    <url>thumb.1253827038235.jpg</url>
    <time>4494015</time>
  </thumb>
  <swf>
    <url>0.swf</url>
    <frames>9515</frames>
    <bytes>898946</bytes>
  </swf>
  <swf>
    <url>1.swf</url>
    <frames>1574</frames>
    <bytes>792526</bytes>
  </swf>
  <swf>
    <url>2.swf</url>
    <frames>4796</frames>
    <bytes>977660</bytes>
  </swf>
  <swf>
    <url>3.swf</url>
    <frames>3972</frames>
    <bytes>996581</bytes>
  </swf>
  <swf>
    <url>4.swf</url>
    <frames>3657</frames>
    <bytes>914092</bytes>
  </swf>
  <swf>
    <url>5.swf</url>
    <frames>2999</frames>
    <bytes>1077369</bytes>
  </swf>
  <swf>
    <url>6.swf</url>
    <frames>1766</frames>
    <bytes>937139</bytes>
  </swf>
  <swf>
    <url>7.swf</url>
    <frames>2793</frames>
    <bytes>1506883</bytes>
  </swf>
  <swf>
    <url>8.swf</url>
    <frames>1706</frames>
    <bytes>1234289</bytes>
  </swf>
  <swf>
    <url>9.swf</url>
    <frames>1797</frames>
    <bytes>939538</bytes>
  </swf>
  <swf>
    <url>10.swf</url>
    <frames>1950</frames>
    <bytes>1129619</bytes>
  </swf>
  <swf>
    <url>11.swf</url>
    <frames>1492</frames>
    <bytes>1492030</bytes>
  </swf>
  <swf>
    <url>12.swf</url>
    <frames>1981</frames>
    <bytes>1283143</bytes>
  </swf>
  <swf>
    <url>13.swf</url>
    <frames>1499</frames>
    <bytes>838623</bytes>
  </swf>
  <swf>
    <url>14.swf</url>
    <frames>3473</frames>
    <bytes>812910</bytes>
  </swf>
  <mp3>
    <url>recording-ersqxl55881.mp3</url>
  </mp3>
</archive>
