<archive width="1280" height="720" version="2">
<brand><orgurl>http://www.readytalk.com</orgurl><helpurl>http://www.readytalk.com/onlinehelp/readytalkhtml/ReadyTalk_Online_Help.htm</helpurl><abouturl>http://www.readytalk.com/onlinehelp/readytalkhtml/ReadyTalk_Online_Help.htm</abouturl><logourl>readytalk/archiveLogo.jpg</logourl></brand>
  <thumb>
    <url>thumb.1256587564667.png</url>
    <time>0</time>
  </thumb>
  <thumb>
    <url>thumb.1256587573006.png</url>
    <time>8339</time>
  </thumb>
  <thumb>
    <url>thumb.1256587877224.png</url>
    <time>312557</time>
  </thumb>
  <thumb>
    <url>thumb.1256588171086.png</url>
    <time>606419</time>
  </thumb>
  <thumb>
    <url>thumb.1256588472806.png</url>
    <time>908139</time>
  </thumb>
  <thumb>
    <url>thumb.1256588772942.png</url>
    <time>1208275</time>
  </thumb>
  <thumb>
    <url>thumb.1256589068949.png</url>
    <time>1504282</time>
  </thumb>
  <thumb>
    <url>thumb.1256589369090.png</url>
    <time>1804423</time>
  </thumb>
  <thumb>
    <url>thumb.1256589684866.png</url>
    <time>2120199</time>
  </thumb>
  <thumb>
    <url>thumb.1256590041559.png</url>
    <time>2476892</time>
  </thumb>
  <thumb>
    <url>thumb.1256590272815.png</url>
    <time>2708148</time>
  </thumb>
  <thumb>
    <url>thumb.1256590572918.png</url>
    <time>3008251</time>
  </thumb>
  <thumb>
    <url>thumb.1256590875107.png</url>
    <time>3310440</time>
  </thumb>
  <swf>
    <url>0.swf</url>
    <frames>6207</frames>
    <bytes>1112730</bytes>
  </swf>
  <swf>
    <url>1.swf</url>
    <frames>2031</frames>
    <bytes>1425407</bytes>
  </swf>
  <swf>
    <url>2.swf</url>
    <frames>3958</frames>
    <bytes>1253253</bytes>
  </swf>
  <swf>
    <url>3.swf</url>
    <frames>4684</frames>
    <bytes>1340665</bytes>
  </swf>
  <swf>
    <url>4.swf</url>
    <frames>4627</frames>
    <bytes>1228995</bytes>
  </swf>
  <swf>
    <url>5.swf</url>
    <frames>4140</frames>
    <bytes>814726</bytes>
  </swf>
  <swf>
    <url>6.swf</url>
    <frames>1721</frames>
    <bytes>1232013</bytes>
  </swf>
  <swf>
    <url>7.swf</url>
    <frames>1433</frames>
    <bytes>1176589</bytes>
  </swf>
  <swf>
    <url>8.swf</url>
    <frames>1276</frames>
    <bytes>1223948</bytes>
  </swf>
  <swf>
    <url>9.swf</url>
    <frames>2467</frames>
    <bytes>1898762</bytes>
  </swf>
  <swf>
    <url>10.swf</url>
    <frames>3316</frames>
    <bytes>663493</bytes>
  </swf>
  <mp3>
    <url>recording-d9nep40415.mp3</url>
  </mp3>
</archive>
