<archive width="1280" height="720" version="2">
<brand><orgurl>http://www.readytalk.com</orgurl><helpurl>http://www.readytalk.com/onlinehelp/readytalkhtml/ReadyTalk_Online_Help.htm</helpurl><abouturl>http://www.readytalk.com/onlinehelp/readytalkhtml/ReadyTalk_Online_Help.htm</abouturl><logourl>readytalk/archiveLogo.jpg</logourl></brand>
  <thumb>
    <url>thumb.1257534272560.png</url>
    <time>0</time>
  </thumb>
  <thumb>
    <url>thumb.1257534277080.png</url>
    <time>4520</time>
  </thumb>
  <thumb>
    <url>thumb.1257534594810.png</url>
    <time>322250</time>
  </thumb>
  <thumb>
    <url>thumb.1257534935453.png</url>
    <time>662893</time>
  </thumb>
  <thumb>
    <url>thumb.1257535200385.png</url>
    <time>927825</time>
  </thumb>
  <thumb>
    <url>thumb.1257535523396.png</url>
    <time>1250836</time>
  </thumb>
  <thumb>
    <url>thumb.1257535829928.png</url>
    <time>1557368</time>
  </thumb>
  <thumb>
    <url>thumb.1257536091158.png</url>
    <time>1818598</time>
  </thumb>
  <thumb>
    <url>thumb.1257536380021.png</url>
    <time>2107461</time>
  </thumb>
  <thumb>
    <url>thumb.1257536681945.png</url>
    <time>2409385</time>
  </thumb>
  <thumb>
    <url>thumb.1257536980668.png</url>
    <time>2708108</time>
  </thumb>
  <thumb>
    <url>thumb.1257537281418.png</url>
    <time>3008858</time>
  </thumb>
  <thumb>
    <url>thumb.1257537582408.png</url>
    <time>3309848</time>
  </thumb>
  <thumb>
    <url>thumb.1257537882576.png</url>
    <time>3610016</time>
  </thumb>
  <thumb>
    <url>thumb.1257538203628.png</url>
    <time>3931068</time>
  </thumb>
  <thumb>
    <url>thumb.1257538606983.png</url>
    <time>4334423</time>
  </thumb>
  <swf>
    <url>0.swf</url>
    <frames>9694</frames>
    <bytes>1546084</bytes>
  </swf>
  <swf>
    <url>1.swf</url>
    <frames>7056</frames>
    <bytes>976349</bytes>
  </swf>
  <swf>
    <url>2.swf</url>
    <frames>6573</frames>
    <bytes>1290557</bytes>
  </swf>
  <swf>
    <url>3.swf</url>
    <frames>6176</frames>
    <bytes>1355337</bytes>
  </swf>
  <swf>
    <url>4.swf</url>
    <frames>2916</frames>
    <bytes>1213245</bytes>
  </swf>
  <swf>
    <url>5.swf</url>
    <frames>5995</frames>
    <bytes>2339315</bytes>
  </swf>
  <swf>
    <url>6.swf</url>
    <frames>2889</frames>
    <bytes>1116458</bytes>
  </swf>
  <swf>
    <url>7.swf</url>
    <frames>2061</frames>
    <bytes>254378</bytes>
  </swf>
  <mp3>
    <url>recording-934acq41176.mp3</url>
  </mp3>
</archive>
