<archive width="1280" height="720" version="2">
<brand><orgurl>http://www.readytalk.com</orgurl><helpurl>http://www.readytalk.com/onlinehelp/readytalkhtml/ReadyTalk_Online_Help.htm</helpurl><abouturl>http://www.readytalk.com/onlinehelp/readytalkhtml/ReadyTalk_Online_Help.htm</abouturl><logourl>readytalk/archiveLogo.jpg</logourl></brand>
  <thumb>
    <url>thumb.1258578260990.png</url>
    <time>0</time>
  </thumb>
  <thumb>
    <url>thumb.1258578286558.png</url>
    <time>25568</time>
  </thumb>
  <thumb>
    <url>thumb.1258578572966.png</url>
    <time>311976</time>
  </thumb>
  <thumb>
    <url>thumb.1258578865993.png</url>
    <time>605003</time>
  </thumb>
  <thumb>
    <url>thumb.1258579166926.png</url>
    <time>905936</time>
  </thumb>
  <thumb>
    <url>thumb.1258579466118.png</url>
    <time>1205128</time>
  </thumb>
  <thumb>
    <url>thumb.1258579776609.png</url>
    <time>1515619</time>
  </thumb>
  <thumb>
    <url>thumb.1258580067325.png</url>
    <time>1806335</time>
  </thumb>
  <thumb>
    <url>thumb.1258580367636.png</url>
    <time>2106646</time>
  </thumb>
  <thumb>
    <url>thumb.1258580667554.png</url>
    <time>2406564</time>
  </thumb>
  <thumb>
    <url>thumb.1258580970834.png</url>
    <time>2709844</time>
  </thumb>
  <thumb>
    <url>thumb.1258581267614.png</url>
    <time>3006624</time>
  </thumb>
  <thumb>
    <url>thumb.1258581567756.png</url>
    <time>3306766</time>
  </thumb>
  <thumb>
    <url>thumb.1258581867859.png</url>
    <time>3606869</time>
  </thumb>
  <thumb>
    <url>thumb.1258582167913.png</url>
    <time>3906923</time>
  </thumb>
  <thumb>
    <url>thumb.1258582402100.png</url>
    <time>4141110</time>
  </thumb>
  <swf>
    <url>0.swf</url>
    <frames>8793</frames>
    <bytes>2503203</bytes>
  </swf>
  <swf>
    <url>1.swf</url>
    <frames>2632</frames>
    <bytes>1047788</bytes>
  </swf>
  <swf>
    <url>2.swf</url>
    <frames>4450</frames>
    <bytes>2440362</bytes>
  </swf>
  <swf>
    <url>3.swf</url>
    <frames>4123</frames>
    <bytes>2466841</bytes>
  </swf>
  <swf>
    <url>4.swf</url>
    <frames>4526</frames>
    <bytes>2163078</bytes>
  </swf>
  <swf>
    <url>5.swf</url>
    <frames>4009</frames>
    <bytes>2625574</bytes>
  </swf>
  <swf>
    <url>6.swf</url>
    <frames>1724</frames>
    <bytes>1191499</bytes>
  </swf>
  <swf>
    <url>7.swf</url>
    <frames>5490</frames>
    <bytes>1604179</bytes>
  </swf>
  <swf>
    <url>8.swf</url>
    <frames>640</frames>
    <bytes>1040430</bytes>
  </swf>
  <swf>
    <url>9.swf</url>
    <frames>961</frames>
    <bytes>1169887</bytes>
  </swf>
  <swf>
    <url>10.swf</url>
    <frames>1448</frames>
    <bytes>1435871</bytes>
  </swf>
  <swf>
    <url>11.swf</url>
    <frames>2664</frames>
    <bytes>1521648</bytes>
  </swf>
  <mp3>
    <url>recording-giewod29568.mp3</url>
  </mp3>
</archive>
