<archive width="1280" height="720">
<brand><orgurl>http://www.readytalk.com</orgurl><helpurl>http://www.readytalk.com/onlinehelp/readytalkhtml/ReadyTalk_Online_Help.htm</helpurl><abouturl>http://www.readytalk.com/onlinehelp/readytalkhtml/ReadyTalk_Online_Help.htm</abouturl><logourl>readytalk/archiveLogo.jpg</logourl></brand>
  <thumb>
    <url>thumb.1254504814222.jpg</url>
    <time>0</time>
  </thumb>
  <thumb>
    <url>thumb.1254504822175.jpg</url>
    <time>7953</time>
  </thumb>
  <thumb>
    <url>thumb.1254505124235.jpg</url>
    <time>310013</time>
  </thumb>
  <thumb>
    <url>thumb.1254505419288.jpg</url>
    <time>605066</time>
  </thumb>
  <thumb>
    <url>thumb.1254505719068.jpg</url>
    <time>904846</time>
  </thumb>
  <thumb>
    <url>thumb.1254506019104.jpg</url>
    <time>1204882</time>
  </thumb>
  <thumb>
    <url>thumb.1254506327501.jpg</url>
    <time>1513279</time>
  </thumb>
  <thumb>
    <url>thumb.1254506632761.jpg</url>
    <time>1818539</time>
  </thumb>
  <thumb>
    <url>thumb.1254506920174.jpg</url>
    <time>2105952</time>
  </thumb>
  <thumb>
    <url>thumb.1254507220586.jpg</url>
    <time>2406364</time>
  </thumb>
  <thumb>
    <url>thumb.1254507535475.jpg</url>
    <time>2721253</time>
  </thumb>
  <thumb>
    <url>thumb.1254507829079.jpg</url>
    <time>3014857</time>
  </thumb>
  <thumb>
    <url>thumb.1254508120934.jpg</url>
    <time>3306712</time>
  </thumb>
  <thumb>
    <url>thumb.1254508429981.jpg</url>
    <time>3615759</time>
  </thumb>
  <thumb>
    <url>thumb.1254508602929.jpg</url>
    <time>3788707</time>
  </thumb>
  <swf>
    <url>0.swf</url>
    <frames>6169</frames>
    <bytes>1268467</bytes>
  </swf>
  <swf>
    <url>1.swf</url>
    <frames>7419</frames>
    <bytes>1898058</bytes>
  </swf>
  <swf>
    <url>2.swf</url>
    <frames>1838</frames>
    <bytes>873328</bytes>
  </swf>
  <swf>
    <url>3.swf</url>
    <frames>1773</frames>
    <bytes>864220</bytes>
  </swf>
  <swf>
    <url>4.swf</url>
    <frames>708</frames>
    <bytes>942187</bytes>
  </swf>
  <swf>
    <url>5.swf</url>
    <frames>1121</frames>
    <bytes>1136746</bytes>
  </swf>
  <swf>
    <url>6.swf</url>
    <frames>1360</frames>
    <bytes>1864371</bytes>
  </swf>
  <swf>
    <url>7.swf</url>
    <frames>1922</frames>
    <bytes>1438875</bytes>
  </swf>
  <swf>
    <url>8.swf</url>
    <frames>3921</frames>
    <bytes>1470684</bytes>
  </swf>
  <swf>
    <url>9.swf</url>
    <frames>3336</frames>
    <bytes>1559336</bytes>
  </swf>
  <swf>
    <url>10.swf</url>
    <frames>2370</frames>
    <bytes>1803836</bytes>
  </swf>
  <swf>
    <url>11.swf</url>
    <frames>1084</frames>
    <bytes>991782</bytes>
  </swf>
  <swf>
    <url>12.swf</url>
    <frames>889</frames>
    <bytes>974642</bytes>
  </swf>
  <swf>
    <url>13.swf</url>
    <frames>1408</frames>
    <bytes>1487108</bytes>
  </swf>
  <swf>
    <url>14.swf</url>
    <frames>2582</frames>
    <bytes>1170503</bytes>
  </swf>
  <mp3>
    <url>recording-4z78pj56374.mp3</url>
  </mp3>
</archive>
