<archive width="1280" height="720">
<brand><orgurl>http://www.readytalk.com</orgurl><helpurl>http://www.readytalk.com/onlinehelp/readytalkhtml/ReadyTalk_Online_Help.htm</helpurl><abouturl>http://www.readytalk.com/onlinehelp/readytalkhtml/ReadyTalk_Online_Help.htm</abouturl><logourl>readytalk/archiveLogo.jpg</logourl></brand>
  <thumb>
    <url>thumb.1253736263639.jpg</url>
    <time>0</time>
  </thumb>
  <thumb>
    <url>thumb.1253736281498.jpg</url>
    <time>17859</time>
  </thumb>
  <thumb>
    <url>thumb.1253736610219.jpg</url>
    <time>346580</time>
  </thumb>
  <thumb>
    <url>thumb.1253736868382.jpg</url>
    <time>604743</time>
  </thumb>
  <thumb>
    <url>thumb.1253737168662.jpg</url>
    <time>905023</time>
  </thumb>
  <thumb>
    <url>thumb.1253737469272.jpg</url>
    <time>1205633</time>
  </thumb>
  <thumb>
    <url>thumb.1253737772836.jpg</url>
    <time>1509197</time>
  </thumb>
  <thumb>
    <url>thumb.1253738069450.jpg</url>
    <time>1805811</time>
  </thumb>
  <thumb>
    <url>thumb.1253738369564.jpg</url>
    <time>2105925</time>
  </thumb>
  <thumb>
    <url>thumb.1253738678814.jpg</url>
    <time>2415175</time>
  </thumb>
  <thumb>
    <url>thumb.1253738977667.jpg</url>
    <time>2714028</time>
  </thumb>
  <thumb>
    <url>thumb.1253739298804.jpg</url>
    <time>3035165</time>
  </thumb>
  <thumb>
    <url>thumb.1253739571244.jpg</url>
    <time>3307605</time>
  </thumb>
  <thumb>
    <url>thumb.1253739871496.jpg</url>
    <time>3607857</time>
  </thumb>
  <thumb>
    <url>thumb.1253740184865.jpg</url>
    <time>3921226</time>
  </thumb>
  <thumb>
    <url>thumb.1253740472615.jpg</url>
    <time>4208976</time>
  </thumb>
  <thumb>
    <url>thumb.1253740772677.jpg</url>
    <time>4509038</time>
  </thumb>
  <thumb>
    <url>thumb.1253741072757.jpg</url>
    <time>4809118</time>
  </thumb>
  <thumb>
    <url>thumb.1253741373428.jpg</url>
    <time>5109789</time>
  </thumb>
  <thumb>
    <url>thumb.1253741647524.jpg</url>
    <time>5383885</time>
  </thumb>
  <swf>
    <url>0.swf</url>
    <frames>4854</frames>
    <bytes>1089312</bytes>
  </swf>
  <swf>
    <url>1.swf</url>
    <frames>2692</frames>
    <bytes>1047210</bytes>
  </swf>
  <swf>
    <url>2.swf</url>
    <frames>5873</frames>
    <bytes>1074475</bytes>
  </swf>
  <swf>
    <url>3.swf</url>
    <frames>1569</frames>
    <bytes>1401428</bytes>
  </swf>
  <swf>
    <url>4.swf</url>
    <frames>3250</frames>
    <bytes>1377399</bytes>
  </swf>
  <swf>
    <url>5.swf</url>
    <frames>3807</frames>
    <bytes>1192878</bytes>
  </swf>
  <swf>
    <url>6.swf</url>
    <frames>1661</frames>
    <bytes>1232860</bytes>
  </swf>
  <swf>
    <url>7.swf</url>
    <frames>3129</frames>
    <bytes>1062468</bytes>
  </swf>
  <swf>
    <url>8.swf</url>
    <frames>3009</frames>
    <bytes>953459</bytes>
  </swf>
  <swf>
    <url>9.swf</url>
    <frames>2010</frames>
    <bytes>878577</bytes>
  </swf>
  <swf>
    <url>10.swf</url>
    <frames>1476</frames>
    <bytes>874669</bytes>
  </swf>
  <swf>
    <url>11.swf</url>
    <frames>1109</frames>
    <bytes>1085637</bytes>
  </swf>
  <swf>
    <url>12.swf</url>
    <frames>2292</frames>
    <bytes>1022893</bytes>
  </swf>
  <swf>
    <url>13.swf</url>
    <frames>2543</frames>
    <bytes>749291</bytes>
  </swf>
  <swf>
    <url>14.swf</url>
    <frames>2827</frames>
    <bytes>995849</bytes>
  </swf>
  <swf>
    <url>15.swf</url>
    <frames>2129</frames>
    <bytes>645115</bytes>
  </swf>
  <swf>
    <url>16.swf</url>
    <frames>963</frames>
    <bytes>775671</bytes>
  </swf>
  <swf>
    <url>17.swf</url>
    <frames>1818</frames>
    <bytes>857543</bytes>
  </swf>
  <swf>
    <url>18.swf</url>
    <frames>1173</frames>
    <bytes>657493</bytes>
  </swf>
  <swf>
    <url>19.swf</url>
    <frames>2962</frames>
    <bytes>943219</bytes>
  </swf>
  <swf>
    <url>20.swf</url>
    <frames>2754</frames>
    <bytes>470132</bytes>
  </swf>
  <mp3>
    <url>recording-al9v7o7267.mp3</url>
  </mp3>
</archive>
