<archive width="1280" height="720" version="2">
<brand><orgurl>http://www.readytalk.com</orgurl><helpurl>http://www.readytalk.com/onlinehelp/readytalkhtml/ReadyTalk_Online_Help.htm</helpurl><abouturl>http://www.readytalk.com/onlinehelp/readytalkhtml/ReadyTalk_Online_Help.htm</abouturl><logourl>readytalk/archiveLogo.jpg</logourl></brand>
  <thumb>
    <url>thumb.1254763926877.png</url>
    <time>0</time>
  </thumb>
  <thumb>
    <url>thumb.1254763967797.png</url>
    <time>40920</time>
  </thumb>
  <thumb>
    <url>thumb.1254764230236.png</url>
    <time>303359</time>
  </thumb>
  <thumb>
    <url>thumb.1254764537105.png</url>
    <time>610228</time>
  </thumb>
  <thumb>
    <url>thumb.1254764830692.png</url>
    <time>903815</time>
  </thumb>
  <thumb>
    <url>thumb.1254765131135.png</url>
    <time>1204258</time>
  </thumb>
  <thumb>
    <url>thumb.1254765431150.png</url>
    <time>1504273</time>
  </thumb>
  <thumb>
    <url>thumb.1254765731970.png</url>
    <time>1805093</time>
  </thumb>
  <thumb>
    <url>thumb.1254766031390.png</url>
    <time>2104513</time>
  </thumb>
  <thumb>
    <url>thumb.1254766339135.png</url>
    <time>2412258</time>
  </thumb>
  <thumb>
    <url>thumb.1254766636124.png</url>
    <time>2709247</time>
  </thumb>
  <thumb>
    <url>thumb.1254766931990.png</url>
    <time>3005113</time>
  </thumb>
  <thumb>
    <url>thumb.1254767232744.png</url>
    <time>3305867</time>
  </thumb>
  <thumb>
    <url>thumb.1254767550190.png</url>
    <time>3623313</time>
  </thumb>
  <thumb>
    <url>thumb.1254767900441.png</url>
    <time>3973564</time>
  </thumb>
  <thumb>
    <url>thumb.1254767905050.png</url>
    <time>3978173</time>
  </thumb>
  <swf>
    <url>0.swf</url>
    <frames>9666</frames>
    <bytes>2091968</bytes>
  </swf>
  <swf>
    <url>1.swf</url>
    <frames>3270</frames>
    <bytes>1543492</bytes>
  </swf>
  <swf>
    <url>2.swf</url>
    <frames>1509</frames>
    <bytes>526692</bytes>
  </swf>
  <swf>
    <url>3.swf</url>
    <frames>1457</frames>
    <bytes>653857</bytes>
  </swf>
  <swf>
    <url>4.swf</url>
    <frames>2083</frames>
    <bytes>987448</bytes>
  </swf>
  <swf>
    <url>5.swf</url>
    <frames>1753</frames>
    <bytes>552914</bytes>
  </swf>
  <swf>
    <url>6.swf</url>
    <frames>1537</frames>
    <bytes>872048</bytes>
  </swf>
  <swf>
    <url>7.swf</url>
    <frames>999</frames>
    <bytes>610516</bytes>
  </swf>
  <swf>
    <url>8.swf</url>
    <frames>969</frames>
    <bytes>1037980</bytes>
  </swf>
  <swf>
    <url>9.swf</url>
    <frames>6763</frames>
    <bytes>2451363</bytes>
  </swf>
  <swf>
    <url>10.swf</url>
    <frames>9794</frames>
    <bytes>1865661</bytes>
  </swf>
  <mp3>
    <url>recording-3svyti27207.mp3</url>
  </mp3>
</archive>
