<archive width="1280" height="720">
<brand><orgurl>http://www.readytalk.com</orgurl><helpurl>http://www.readytalk.com/onlinehelp/readytalkhtml/ReadyTalk_Online_Help.htm</helpurl><abouturl>http://www.readytalk.com/onlinehelp/readytalkhtml/ReadyTalk_Online_Help.htm</abouturl><logourl>readytalk/archiveLogo.jpg</logourl></brand>
  <thumb>
    <url>thumb.1253908980772.jpg</url>
    <time>0</time>
  </thumb>
  <thumb>
    <url>thumb.1253908993285.jpg</url>
    <time>12513</time>
  </thumb>
  <thumb>
    <url>thumb.1253909283776.jpg</url>
    <time>303004</time>
  </thumb>
  <thumb>
    <url>thumb.1253909583565.jpg</url>
    <time>602793</time>
  </thumb>
  <thumb>
    <url>thumb.1253909917508.jpg</url>
    <time>936736</time>
  </thumb>
  <thumb>
    <url>thumb.1253910221805.jpg</url>
    <time>1241033</time>
  </thumb>
  <thumb>
    <url>thumb.1253910484846.jpg</url>
    <time>1504074</time>
  </thumb>
  <thumb>
    <url>thumb.1253910838691.jpg</url>
    <time>1857919</time>
  </thumb>
  <thumb>
    <url>thumb.1253911092103.jpg</url>
    <time>2111331</time>
  </thumb>
  <thumb>
    <url>thumb.1253911386812.jpg</url>
    <time>2406040</time>
  </thumb>
  <thumb>
    <url>thumb.1253911685691.jpg</url>
    <time>2704919</time>
  </thumb>
  <swf>
    <url>0.swf</url>
    <frames>5236</frames>
    <bytes>1288667</bytes>
  </swf>
  <swf>
    <url>1.swf</url>
    <frames>1431</frames>
    <bytes>1250263</bytes>
  </swf>
  <swf>
    <url>2.swf</url>
    <frames>1606</frames>
    <bytes>1303574</bytes>
  </swf>
  <swf>
    <url>3.swf</url>
    <frames>2282</frames>
    <bytes>1156152</bytes>
  </swf>
  <swf>
    <url>4.swf</url>
    <frames>1223</frames>
    <bytes>933132</bytes>
  </swf>
  <swf>
    <url>5.swf</url>
    <frames>2579</frames>
    <bytes>1311734</bytes>
  </swf>
  <swf>
    <url>6.swf</url>
    <frames>2477</frames>
    <bytes>902721</bytes>
  </swf>
  <swf>
    <url>7.swf</url>
    <frames>3971</frames>
    <bytes>1233191</bytes>
  </swf>
  <swf>
    <url>8.swf</url>
    <frames>1189</frames>
    <bytes>1126261</bytes>
  </swf>
  <swf>
    <url>9.swf</url>
    <frames>3367</frames>
    <bytes>1217911</bytes>
  </swf>
  <swf>
    <url>10.swf</url>
    <frames>1361</frames>
    <bytes>792585</bytes>
  </swf>
  <swf>
    <url>11.swf</url>
    <frames>1138</frames>
    <bytes>755701</bytes>
  </swf>
  <mp3>
    <url>recording-euipti7423.mp3</url>
  </mp3>
</archive>
